GEOID10,STUSPS10,NAME10,ALAND10,AWATER10,INTPTLAT10,INTPTLON10,DP0010001,DP0010002,DP0010003,DP0010004,DP0010005,DP0010006,DP0010007,DP0010008,DP0010009,DP0010010,DP0010011,DP0010012,DP0010013,DP0010014,DP0010015,DP0010016,DP0010017,DP0010018,DP0010019,DP0010020,DP0010021,DP0010022,DP0010023,DP0010024,DP0010025,DP0010026,DP0010027,DP0010028,DP0010029,DP0010030,DP0010031,DP0010032,DP0010033,DP0010034,DP0010035,DP0010036,DP0010037,DP0010038,DP0010039,DP0010040,DP0010041,DP0010042,DP0010043,DP0010044,DP0010045,DP0010046,DP0010047,DP0010048,DP0010049,DP0010050,DP0010051,DP0010052,DP0010053,DP0010054,DP0010055,DP0010056,DP0010057,DP0020001,DP0020002,DP0020003,DP0030001,DP0030002,DP0030003,DP0040001,DP0040002,DP0040003,DP0050001,DP0050002,DP0050003,DP0060001,DP0060002,DP0060003,DP0070001,DP0070002,DP0070003,DP0080001,DP0080002,DP0080003,DP0080004,DP0080005,DP0080006,DP0080007,DP0080008,DP0080009,DP0080010,DP0080011,DP0080012,DP0080013,DP0080014,DP0080015,DP0080016,DP0080017,DP0080018,DP0080019,DP0080020,DP0080021,DP0080022,DP0080023,DP0080024,DP0090001,DP0090002,DP0090003,DP0090004,DP0090005,DP0090006,DP0100001,DP0100002,DP0100003,DP0100004,DP0100005,DP0100006,DP0100007,DP0110001,DP0110002,DP0110003,DP0110004,DP0110005,DP0110006,DP0110007,DP0110008,DP0110009,DP0110010,DP0110011,DP0110012,DP0110013,DP0110014,DP0110015,DP0110016,DP0110017,DP0120001,DP0120002,DP0120003,DP0120004,DP0120005,DP0120006,DP0120007,DP0120008,DP0120009,DP0120010,DP0120011,DP0120012,DP0120013,DP0120014,DP0120015,DP0120016,DP0120017,DP0120018,DP0120019,DP0120020,DP0130001,DP0130002,DP0130003,DP0130004,DP0130005,DP0130006,DP0130007,DP0130008,DP0130009,DP0130010,DP0130011,DP0130012,DP0130013,DP0130014,DP0130015,DP0140001,DP0150001,DP0160001,DP0170001,DP0180001,DP0180002,DP0180003,DP0180004,DP0180005,DP0180006,DP0180007,DP0180008,DP0180009,DP0190001,DP0200001,DP0210001,DP0210002,DP0210003,DP0220001,DP0220002,DP0230001,DP0230002,Shape_Leng,Shape_Area,DP0240001,DP0210004,DP0210005,DP0080025,DP0080026,DP0080027,DP0080028,DP0020004
56,WY,Wyoming,2.51E+11,1864445306,42.9918024,-107.5419255,563626,40203,37213,35955,38142,40318,41276,36373,33861,33105,39472,44105,40946,32567,22974,16594,12492,9428,8602,287437,20596,19203,18592,19626,21315,21752,18919,17702,17149,19713,22450,20928,16878,11555,8126,5704,4176,3053,276189,19607,18010,17363,18516,19003,19524,17454,16159,15956,19759,21655,20018,15689,11419,8468,6788,5252,5549,36.8,36,37.7,443141,225399,217742,428224,217661,210563,403736,205014,198722,88534,42154,46380,70090,32614,37476,563626,551265,511279,4748,13336,4426,589,1044,901,454,508,191,739,427,147,101,70,109,17049,12361,4466,1737,1900,2498,522739,7285,18596,6729,1063,20224,563626,50231,37719,1026,275,11211,513395,563626,50231,27405,397,1552,147,62,16612,4056,513395,483874,4351,11784,4279,365,437,8305,563626,549914,226879,115534,149130,121369,22920,10283,2450,35451,3039,1149,16088,13712,6701,4273,2428,7011,3989,3022,226879,146644,63736,115534,44512,10993,6431,20117,12793,80235,63480,33252,6739,30228,13253,70195,49989,2.42,2.96,261868,226879,34989,7304,458,3376,781,14892,8178,2.1,9.4,226879,157077,69802,392427,157487,2.5,2.26,22.00187804,27.97170467,1.041,69.23%,30.77%,90.71%,0.84%,0.79%,2.37%,1.7
42,PA,Pennsylvania,1.16E+11,3397122731,40.9042486,-77.8280624,12702379,729538,753635,791151,905066,874146,781527,729592,764287,851382,955763,984641,879048,743296,553002,426536,362332,311761,305676,6190363,373216,384359,405227,462465,441886,392569,364681,380172,421689,470543,484289,430202,358008,258653,192187,153890,120931,95396,6512016,356322,369276,385924,442601,432260,388958,364911,384115,429693,485220,500352,448846,385288,294349,234349,208442,190830,210280,40.1,38.7,41.5,10260299,4941116,5319183,9910224,4760912,5149312,9331047,4468432,4862615,2390028,1027972,1362056,1959307,821057,1138250,12702379,12464544,10406288,1377689,26843,349088,103026,84812,21948,6492,40505,39008,53297,3653,940,968,453,1292,300983,237835,27502,36127,87287,27627,10604187,1507965,81092,402587,12424,352183,12702379,719660,129568,366082,17930,206080,11982719,12702379,719660,311636,50598,9934,2800,938,284514,59240,11982719,10094652,1327091,16909,346288,2715,16469,178595,12702379,12276266,5018904,2417765,3517169,2491195,637999,239819,122261,684429,45899,34697,332717,426113,197112,125272,71840,229001,110364,118637,5018904,3261307,1352324,2417765,919067,229495,108679,614047,324578,1757597,1433415,620575,159653,812840,412972,1498948,1398662,2.45,3.02,5567315,5018904,548411,135262,9386,64818,20131,161582,157232,1.8,8.1,5018904,3491722,1527182,8974740,3301526,2.57,2.16,17.83626644,12.74728367,0.951,69.57%,30.43%,81.92%,10.85%,2.75%,0.21%,2.8
39,OH,Ohio,1.06E+11,10269012119,40.4149297,-82.7119975,11536504,720856,747889,774699,823682,763116,718630,691329,718462,761369,855134,887057,786857,665409,478864,371370,297519,243833,230429,5632156,367479,382641,396152,420975,384202,357837,344087,356420,377896,420425,434740,383440,320421,223797,167142,126706,95450,72346,5904348,353377,365248,378547,402707,378914,360793,347242,362042,383473,434709,452317,403417,344988,255067,204228,170813,148383,158083,38.8,37.4,40,9133831,4404397,4729434,8805753,4236246,4569507,8305392,3982096,4323296,2003021,868516,1134505,1622015,685441,936574,11536504,11298739,9539437,1407681,25292,192233,64187,43818,16899,10162,15281,13121,28765,4066,928,1145,702,1291,130030,237765,40911,33031,99741,19087,9751547,1541771,90124,238292,10525,161639,11536504,354674,172029,94965,7523,80157,11181830,11536504,354674,180174,18566,4386,1468,666,114872,34542,11181830,9359263,1389115,20906,190765,3400,15158,203223,11536504,11230238,4603435,2173477,3287475,2436267,547854,233699,78113,617997,52645,22921,311455,306266,166042,101053,64989,140224,71589,68635,4603435,2991629,1293126,2173477,837703,215841,110624,602311,344799,1611806,1328550,587486,133956,741064,345893,1438580,1163804,2.44,3.01,5127508,4603435,524073,184143,8126,78089,19263,58591,175861,2.4,10.9,4603435,3111054,1492381,7889424,3340814,2.54,2.24,16.51913105,12.32006896,0.954,67.58%,32.42%,82.69%,12.20%,1.67%,0.22%,2.6
35,NM,New Mexico,3.14E+11,756659673,34.4391265,-106.1261511,2059179,144981,143308,141691,149861,142370,139678,127567,123303,125220,144839,147170,136799,120137,87890,65904,50230,36238,31993,1017421,74078,72736,72021,76792,72974,71419,64586,61392,62249,71419,71383,65567,58201,41962,30879,22883,15504,11376,1041758,70903,70572,69670,73069,69396,68259,62981,61911,62971,73420,75787,71232,61936,45928,35025,27347,20734,20617,36.7,35.3,38,1600398,783804,816594,1540507,753092,787415,1449403,706362,743041,341154,155774,185380,272255,122604,149651,2059179,1982169,1407876,42550,193222,28208,4550,5729,4963,2208,2423,4726,3609,1810,660,420,302,428,308503,77010,16705,7647,7413,28241,1473005,57040,219512,40456,4698,346627,2059179,953403,590890,7964,4298,350251,1105776,2059179,953403,574066,7088,17854,1903,564,304753,47175,1105776,833810,35462,175368,26305,1246,3750,29835,2059179,2016550,791395,358354,594731,436675,153230,71226,17240,118840,8166,5954,65202,42629,25266,19060,6206,17363,10501,6862,791395,518698,230612,358354,141609,49408,26924,110936,62079,272697,221347,106107,24802,115240,49014,267023,200089,2.55,3.13,901388,791395,109993,22150,1303,11050,2143,36612,36735,2,8.1,791395,542122,249273,1411453,605097,2.6,2.43,23.6837699,30.89289096,0.977,68.50%,31.50%,68.37%,2.07%,1.37%,9.38%,2.7
24,MD,Maryland,25141638381,6989579585,38.9466584,-76.6744939,5773552,364488,366868,379029,406241,393698,393548,368494,377409,418163,461585,440619,377989,317779,226596,159761,124579,98580,98126,2791762,185916,186865,193068,208249,199923,194223,179279,181543,200934,221969,211218,179108,149941,104873,72158,53066,38419,31010,2981790,178572,180003,185961,197992,193775,199325,189215,195866,217229,239616,229401,198881,167838,121723,87603,71513,60161,67116,38,36.4,39.3,4584109,2185344,2398765,4420588,2101662,2318926,4175913,1975690,2200223,890542,385925,504617,707642,299526,408116,5773552,5608844,3359284,1700298,20420,318853,79051,69381,43923,6749,48592,23635,47522,3157,634,1319,308,896,206832,164708,15044,32516,46677,20284,3488887,1783899,58657,370044,9826,243383,5773552,470632,88004,42572,10366,329690,5302920,5773552,470632,201326,26069,6605,2159,745,194860,38868,5302920,3157958,1674229,13815,316694,2412,11972,125840,5773552,5635177,2156411,1026739,1659071,1170334,425161,151970,64053,367795,26223,15483,137828,138375,66838,44916,21922,71537,36903,34634,2156411,1447002,651028,1026739,439471,104375,47191,315888,164366,709409,563003,234157,53018,328846,135362,738706,516358,2.61,3.15,2378814,2156411,222403,61874,3742,32883,6586,55786,61532,2.2,8.1,2156411,1455775,700636,3940520,1694657,2.71,2.42,15.05580283,3.338793814,0.936,67.51%,32.49%,58.18%,29.45%,5.52%,0.35%,2.9
44,RI,Rhode Island,2677566454,1323668539,41.5978358,-71.5252895,1052567,57448,60440,63824,80046,82167,65799,61163,63730,73130,81300,81050,70634,59955,42802,31077,26645,24607,26750,508400,29396,31051,32673,40157,41229,33126,30056,31185,35635,39435,39138,33908,28969,19999,13805,11219,9262,8157,544167,28052,29389,31151,39889,40938,32673,31107,32545,37495,41865,41912,36726,30986,22803,17272,15426,15345,18593,39.4,37.8,40.8,857232,408324,448908,828611,393724,434887,771272,365478,405794,186586,79090,107496,151881,62442,89439,1052567,1017780,856869,60189,6058,30457,4653,6860,2621,639,2138,1326,12220,554,96,232,40,186,63653,34787,3223,4432,8201,6375,882280,77754,14394,36763,2260,77592,1052567,130655,9090,34979,1640,84946,921912,1052567,130655,53184,8629,2038,469,249,54778,11308,921912,803685,51560,4020,29988,305,8875,23479,1052567,1009904,413600,183904,289094,201195,57330,18366,11630,65976,3468,2822,31341,42663,12932,6514,6418,29731,14110,15621,413600,259561,113246,183904,72675,19694,8916,55963,31655,154039,122488,52476,12999,70012,33903,124603,109873,2.44,3.04,463388,413600,49788,15763,727,5171,1219,17077,9831,2,8.8,413600,250952,162648,650674,359230,2.59,2.21,3.676210382,0.432105435,0.934,60.68%,39.32%,81.41%,5.72%,2.89%,0.58%,3
41,OR,Oregon,2.49E+11,6191433228,43.9715225,-120.6226269,3831074,237556,237214,242553,254860,253048,265033,259111,251163,248362,262879,276196,273423,236143,169847,120194,91601,74019,77872,1896002,121828,121159,124118,130677,128461,133636,131139,127827,125760,130601,134896,132857,115209,81930,57120,41253,30860,26671,1935072,115728,116055,118435,124183,124587,131397,127972,123336,122602,132278,141300,140566,120934,87917,63074,50348,43159,51201,38.4,37.3,39.5,3064689,1503630,1561059,2964621,1452158,1512463,2806429,1371427,1435002,669125,303808,365317,533533,237834,295699,3831074,3686315,3204614,69206,53203,141263,16740,30919,15861,12085,15212,26195,24251,13404,3060,1755,1559,7030,204625,144759,44530,32589,19302,20237,3337309,98479,109223,186281,25785,231789,3831074,450062,369817,8845,4923,66477,3381012,3831074,450062,198766,4222,10497,1827,707,199123,34920,3381012,3005848,64984,42706,139436,12697,5502,109839,3831074,3744432,1518938,733741,1003171,772039,192322,69120,28336,296260,20960,14221,122135,86642,36612,26190,10422,50030,25760,24270,1518938,963467,414160,733741,283674,70921,37840,158805,92646,555471,416747,185048,43703,231699,104295,456775,384382,2.47,3,1675562,1518938,156624,40193,2608,24191,4401,55473,29758,2.5,6.5,1518938,944485,574453,2386743,1357689,2.53,2.36,25.9795134,28.56853536,0.980,62.18%,37.82%,83.65%,1.81%,3.69%,1.39%,2.2
72,PR,Puerto Rico,8867536532,4923745357,18.217648,-66.4107992,3725789,224756,240004,268571,284259,260850,244159,248173,241270,242258,247986,239821,223607,218077,175411,136251,100740,67000,62596,1785171,115173,123228,137289,144853,130577,118578,119708,115981,114941,115470,110600,102262,100090,80178,61731,43625,27582,23305,1940618,109583,116776,131282,139406,130273,125581,128465,125289,127317,132516,129221,121345,117987,95233,74520,57115,39418,39291,36.9,35.1,38.6,2936037,1380329,1555708,2822494,1322648,1499846,2649994,1235203,1414791,672680,296393,376287,541998,236421,305577,3725789,3603543,2825100,461498,19839,6831,3523,2187,251,160,117,165,428,370,120,30,30,190,289905,122246,1905,1322,63552,24560,2928808,550259,35753,10464,2628,333668,3725789,3688455,9965,3554642,17860,105988,37334,3725789,3688455,2798154,456835,19510,3901,293,288879,120883,37334,26946,4663,329,2930,77,1026,1363,3725789,3687834,1376531,619876,1265212,763558,301769,131229,44080,124446,5152,10001,88147,37955,24444,18000,6444,13511,8312,5199,1376531,1006317,431712,619876,250652,75044,30575,311397,150485,370214,327560,149387,45269,178173,85481,508860,406899,2.68,3.17,1636946,1376531,260415,43298,3969,28182,8202,59537,117227,2.8,9.9,1376531,986165,390366,2663043,1024791,2.7,2.63,7.427676382,1.177988763,0.920,71.64%,28.36%,75.83%,12.39%,0.18%,0.53%,3.5
55,WI,Wisconsin,1.40E+11,29366760483,44.628484,-89.7119299,5686986,358443,368617,375927,399209,386552,372347,349347,345328,380338,437627,436126,385986,313825,227029,173467,141252,117061,118505,2822400,183391,188286,192232,204803,196897,189349,178120,174619,191738,218539,218303,192952,155756,109168,81067,62181,47549,37450,2864586,175052,180331,183695,194406,189655,182998,171227,170709,188600,219088,217823,193034,158069,117861,92400,79071,69512,81055,38.5,37.3,39.6,4506907,2218662,2288245,4347494,2136810,2210684,4104027,2012681,2091346,955702,425579,530123,777314,337415,439899,5686986,5582669,4902067,359148,54526,129234,22899,17558,7930,2729,7919,4877,65322,1827,547,387,184,709,135867,104317,22491,16578,32590,14396,4995836,403527,86228,151513,5117,156494,5686986,336056,244248,46323,3696,41789,5350930,5686986,336056,163656,8250,6015,1182,262,131772,24919,5350930,4738411,350898,48511,128052,1565,4095,79398,5686986,5536772,2279768,1131344,1582898,1230626,203151,78351,29470,339611,26232,12607,166123,150214,74295,47655,26640,75919,36580,39339,2279768,1468917,647472,1131344,443396,103625,57788,233948,146288,810851,642507,293079,65368,349428,166883,697744,547650,2.43,2.99,2624358,2279768,344590,63268,3695,34219,5741,193046,44621,2.2,8,2279768,1551558,728210,3964396,1572376,2.56,2.16,23.4471436,19.24459127,0.985,68.06%,31.94%,86.20%,6.32%,2.27%,0.96%,2.3
38,ND,North Dakota,1.79E+11,4396568298,47.4569538,-100.4619304,672591,44595,40076,39790,47474,58956,49596,40889,37065,38197,46380,50277,45946,35873,26028,20845,18368,15548,16688,339864,22821,20520,20361,24626,31530,26451,21601,19209,19617,23461,25306,23634,18300,12902,9635,8125,6314,5451,332727,21774,19556,19429,22848,27426,23145,19288,17856,18580,22919,24971,22312,17573,13126,11210,10243,9234,11237,37,35.5,38.7,539946,271997,267949,522720,263076,259644,488172,244884,243288,117775,52645,65130,97477,42427,55050,672591,660738,605449,7960,36591,6909,1543,1515,924,276,609,640,1402,320,88,65,49,118,3509,11853,5455,1738,2127,823,616350,11086,42996,9193,782,4717,672591,13467,9223,987,260,2997,659124,672591,13467,7442,240,1029,70,30,3168,1488,659124,598007,7720,35562,6839,290,341,10365,672591,647535,281192,136522,171154,139037,18541,7447,2182,40126,2639,1056,17867,25056,9675,4638,5037,15381,9048,6333,281192,170916,73482,136522,52438,11406,6320,22988,14724,110276,88563,43478,8766,45085,22161,78381,67261,2.3,2.91,317498,281192,36306,7422,554,2734,1043,11483,13070,1.5,7.1,281192,183943,97249,457030,190505,2.48,1.96,25.18629056,21.83969624,1.021,65.42%,34.58%,90.02%,1.18%,1.03%,5.44%,3.2
32,NV,Nevada,2.84E+11,2047761678,39.3310928,-116.6151469,2700551,187478,183077,183173,182600,177509,196644,190642,191652,191391,193790,182737,164575,150924,115501,82280,57503,38888,30187,1363616,95772,93773,93672,94073,91148,100301,97802,97965,99225,99524,92136,80947,74291,56638,40470,27623,17239,11017,1336935,91706,89304,89501,88527,86361,96343,92840,93687,92166,94266,90601,83628,76633,58863,41810,29880,21649,19170,36.3,35.8,36.9,2109730,1061342,1048388,2035543,1023158,1012385,1928669,968055,960614,412894,196703,216191,324359,152987,171372,2700551,2574476,1786688,218626,32062,195436,11671,28929,98351,10873,13896,9892,21824,16871,6459,3513,3202,3697,324793,126075,14235,27142,19611,27399,1890043,254452,55945,242916,32848,363950,2700551,716501,540978,20664,21459,133400,1984050,2700551,716501,324607,10568,8526,4389,1415,320053,46943,1984050,1462081,208058,23536,191047,15456,4740,79132,2700551,2664397,1006250,462509,764477,571828,219663,76271,32791,211498,15178,11349,87079,36154,25835,20594,5241,10319,6482,3837,1006250,656621,301400,462509,197148,66525,33343,127587,70909,349629,258409,134121,30938,124288,48914,341074,241291,2.65,3.2,1173814,1006250,167564,61985,1838,32949,3416,32703,34673,5.2,13,1006250,591480,414770,1574145,1090252,2.66,2.63,23.87796028,29.94035884,1.020,58.78%,41.22%,66.16%,8.10%,7.24%,1.19%,1.1
13,GA,Georgia,1.49E+11,4951196915,32.629384,-83.4232125,9687653,686785,695161,689684,709999,680080,673935,661625,698059,699481,722661,668591,573551,496006,356007,250422,182735,129048,113823,4729171,350673,353909,352577,362934,344477,333831,324379,340454,344098,353137,324343,271779,234550,166350,112713,77156,48500,33311,4958482,336112,341252,337107,347065,335603,340104,337246,357605,355383,369524,344248,301772,261456,189657,137709,105579,80548,80512,35.3,34.1,36.5,7478195,3601334,3876861,7196101,3456810,3739291,6762553,3236009,3526544,1318171,573312,744859,1032035,438030,594005,9687653,9480164,5787440,2950435,32151,314467,96116,45849,17923,7658,52431,45263,49227,6799,1319,2746,919,1815,388872,207489,27198,29613,59398,31576,5951521,3054098,84024,365497,15577,442198,9687653,853689,519502,71987,25048,237152,8833964,9687653,853689,373520,39635,10872,2775,1647,369731,55509,8833964,5413920,2910800,21279,311692,5152,19141,151980,9687653,9434454,3585584,1714573,2879619,2141127,729102,301254,87078,525576,40027,17109,211834,253199,144545,110232,34313,108654,60529,48125,3585584,2457810,1157619,1714573,756525,175090,80664,568147,320430,1127774,909474,400041,74248,509433,194126,1318834,760707,2.63,3.17,4088801,3585584,503217,174416,6792,83852,13118,81511,143528,3.4,12.3,3585584,2354402,1231182,6287036,3147418,2.67,2.56,21.06505848,14.79404142,0.954,65.66%,34.34%,59.74%,30.46%,3.25%,0.33%,2.4
36,NY,New York,1.22E+11,19239924100,42.9133974,-75.5962723,19378102,1155822,1163955,1211456,1366278,1410935,1380177,1279160,1254124,1355893,1458763,1419928,1237408,1066260,773211,587391,474807,391660,390874,9377147,590879,594362,619243,699548,712002,680203,629759,613775,663333,709523,687779,591847,500359,352255,258616,200049,150993,122622,10000955,564943,569593,592213,666730,698933,699974,649401,640349,692560,749240,732149,645561,565901,420956,328775,274758,240667,268252,38,36.3,39.4,15588804,7441137,8147667,15053173,7165866,7887307,14187508,6723275,7464233,3230210,1370847,1859363,2617943,1084535,1533408,19378102,18792253,12740974,3073800,106906,1420244,313620,576952,104287,37780,140994,28764,217847,8766,1802,2235,685,4044,1441563,585849,41342,83642,123455,125731,13155274,3334550,221058,1579494,36423,1684388,19378102,3416922,457288,1070558,70803,1818273,15961180,19378102,3416922,1436727,289943,52998,14050,3446,1359943,259815,15961180,11304247,2783857,53908,1406194,5320,81620,326034,19378102,18792424,7317755,3192903,5610628,3785466,1439922,439654,245865,1231216,71685,59823,496697,585678,231163,142686,88477,354515,182205,172310,7317755,4649791,2071185,3192903,1368323,366948,150618,1089940,552244,2667964,2130670,908800,217252,1221870,550105,2319196,1925416,2.57,3.2,8108103,7317755,790348,200039,12786,77225,21027,289301,189970,1.9,5.5,7317755,3897837,3419918,10557835,8234589,2.71,2.41,25.93908248,15.58076881,0.938,53.27%,46.73%,65.75%,15.86%,7.33%,0.55%,3.1
5,AR,Arkansas,1.35E+11,2960539257,34.8955256,-92.4446262,2915918,197689,196877,197559,203805,199650,192153,183739,183614,182594,205544,201722,183960,167031,133367,101235,77741,56236,51402,1431637,100950,100871,100896,104178,100801,96155,92277,91484,91214,101382,99146,88935,80356,62929,47209,33929,22391,16534,1484281,96739,96006,96663,99627,98849,95998,91462,92130,91380,104162,102576,95025,86675,70438,54026,43812,33845,34868,37.4,36.1,38.7,2284744,1108864,1175880,2204443,1067700,1136743,2077218,1003093,1074125,517523,229989,287534,419981,182992,236989,2915918,2858908,2245229,449895,22248,36102,7973,5158,3937,1111,2269,5515,10139,5863,537,442,178,4706,99571,57010,21060,5968,13519,7659,2296665,468710,47588,44943,7849,110243,2915918,186050,138194,4789,1493,41574,2729868,2915918,186050,71760,2793,2065,455,354,97450,11173,2729868,2173469,447102,20183,35647,5509,2121,45837,2915918,2836987,1147084,568277,805163,614172,177558,81267,20166,138905,12553,5518,65087,78931,47287,31151,16136,31644,16530,15114,1147084,775811,332291,568277,217157,54211,27331,153323,87803,371273,310792,140429,33057,170363,82580,378920,300148,2.47,3,1316299,1147084,169215,46443,2139,18500,4995,38153,58985,2.3,10.9,1147084,768156,378928,1929218,907769,2.51,2.4,22.09661367,13.58538415,0.965,66.97%,33.03%,77.00%,15.43%,1.24%,0.76%,2.6
20,KS,Kansas,2.12E+11,1345868930,38.4985464,-98.3834298,2853118,205492,202447,198884,203821,204454,197783,179937,172388,174285,201830,204434,182512,148735,107755,82634,69466,56943,59318,1415408,104888,103421,102156,105362,105450,101077,91335,87100,87760,100199,101040,90190,73498,51267,38113,30202,23029,19321,1437710,100604,99026,96728,98459,99004,96706,88602,85288,86525,101631,103394,92322,75237,56488,44521,39264,33914,39997,36,34.7,37.4,2206600,1084540,1122060,2126179,1042779,1083400,1999716,977478,1022238,461190,203727,257463,376116,161932,214184,2853118,2767185,2391044,167864,28150,67762,13848,11188,5545,1671,5234,14015,16261,2238,505,571,325,837,110127,85933,23163,11546,24166,11954,2468364,202149,59130,83930,4938,126838,2853118,300042,247297,9247,2723,40775,2553076,2853118,300042,160505,5164,5077,795,260,107199,21042,2553076,2230539,162700,23073,66967,1978,2928,64891,2853118,2774044,1112096,568309,820552,658222,122905,52972,14763,150182,13179,4552,64611,79074,41393,24984,16409,37681,21249,16432,1112096,734103,338412,568309,237269,50014,28773,115780,72370,377993,309338,140529,30624,168809,79886,369039,263478,2.49,3.06,1233215,1112096,121119,40445,1962,16286,5267,12763,44396,2.1,10.1,1112096,753532,358564,1959801,814243,2.6,2.27,21.42943855,22.00475578,0.984,67.76%,32.24%,83.80%,5.88%,2.38%,0.99%,2.7
31,NE,Nebraska,1.99E+11,1356219849,41.5438105,-99.8123253,1826341,131908,128928,122706,128930,129276,129076,116100,110361,110477,128491,130235,117686,95490,68834,54292,46435,37808,39308,906296,67630,65888,62686,66033,66232,65891,59085,56043,55905,64171,65210,58068,47051,33056,25108,20206,15243,12790,920045,64278,63040,60020,62897,63044,63185,57015,54318,54572,64320,65025,59618,48439,35778,29184,26229,22565,26518,36.2,35,37.5,1417810,697101,720709,1367120,671147,695973,1286989,630293,656696,300516,132854,167662,246677,106403,140274,1826341,1786831,1572838,82885,18427,32293,5903,4717,2741,1538,2678,7910,6806,1279,227,501,164,387,79109,39510,7587,6108,11225,6937,1607717,98959,29816,40561,2823,88874,1826341,167405,128060,3242,2152,33951,1658936,1826341,167405,73085,1926,3630,374,313,76993,11084,1658936,1499753,80959,14797,31919,966,2116,28426,1826341,1775176,721130,366258,519519,420081,68976,28316,7304,99293,8511,3122,43569,51165,23633,12993,10640,27532,14110,13422,721130,467206,214532,366258,152991,30223,16815,70725,44726,253924,206807,94836,20691,111971,54639,231041,172198,2.46,3.04,796793,721130,75663,24404,1279,9167,2804,13881,24128,1.8,9.3,721130,484730,236400,1252918,522258,2.58,2.21,24.25437097,21.61384293,0.985,67.22%,32.78%,86.12%,4.54%,1.77%,1.01%,2.5
49,UT,Utah,2.13E+11,7063566754,39.3349735,-111.6563633,2763885,263924,249572,227951,221090,226519,229554,216133,178401,154074,154831,152133,133122,107119,79480,58744,45835,34412,30991,1388317,135533,127676,117163,111727,113607,118426,110492,90812,78587,77451,75545,65841,52412,37959,27677,21045,15054,11310,1375568,128391,121896,110788,109363,112912,111128,105641,87589,75487,77380,76588,67281,54707,41521,31067,24790,19358,19681,29.2,28.7,29.7,1978979,985395,993584,1892858,940984,951874,1759144,877562,881582,310427,142836,167591,249462,113045,136417,2763885,2688367,2379560,29287,32927,55285,6212,11186,5600,6087,5379,8025,12796,24554,1911,493,8246,13904,166754,75518,12638,15902,9598,17835,2447583,43209,50064,77748,36777,189886,2763885,358340,258905,7182,1963,90290,2405545,2763885,358340,157841,3336,5846,1109,645,163030,26533,2405545,2221719,25951,27081,54176,23909,3724,48985,2763885,2717733,877692,535827,991058,784125,166072,70520,15254,147084,12300,3094,40142,46152,22161,15543,6618,23991,13125,10866,877692,660234,346439,535827,278270,38858,19678,85549,48491,217458,164018,75819,15769,88199,40372,380069,175128,3.1,3.56,979709,877692,102017,20176,1408,14580,2828,47978,15047,2.3,7.2,877692,618137,259555,1986688,731045,3.21,2.82,20.00792993,22.97488037,1.009,70.43%,29.57%,86.09%,1.06%,2.00%,1.19%,1
2,AK,Alaska,1.48E+12,2.45E+11,63.346191,-152.8370679,710231,53996,50887,50816,52141,54419,55419,47706,45833,47141,54726,56300,49971,35938,22202,13148,8892,5985,4711,369628,27896,26038,26147,27179,29706,29307,24861,23731,24646,28398,29288,26394,19231,11714,6662,4150,2620,1660,340603,26100,24849,24669,24962,24713,26112,22845,22102,22495,26328,27012,23577,16707,10488,6486,4742,3365,3051,33.8,33.6,34.1,544208,284293,259915,522853,273222,249631,491763,256540,235223,74405,37153,37252,54938,26806,28132,710231,658356,473576,23263,104871,38135,1218,2061,19394,1476,4684,960,8342,7409,949,380,4663,1417,11102,51875,26127,6915,4685,2211,518949,33150,138312,50402,11154,15183,710231,39249,21642,4502,927,12178,670982,710231,39249,18256,1314,2315,676,190,9991,6507,670982,455320,21949,102556,37459,7219,1111,45368,710231,683879,258058,127558,211837,165810,37717,16189,4181,48709,4040,1675,22087,26352,6458,4626,1832,19894,15427,4467,258058,170750,85121,127558,58487,15455,9057,27737,17577,87308,66073,37714,5710,28359,8281,93873,41303,2.65,3.21,306967,258058,48909,6729,667,2876,1006,27901,9730,1.7,6.6,258058,162765,95293,448438,235441,2.76,2.47,252.0358032,313.9951335,1.085,63.07%,36.93%,66.68%,3.28%,5.37%,14.77%,0.5
28,MS,Mississippi,1.22E+11,3907007795,32.6864655,-89.6561493,2967297,210956,205672,208248,224619,210894,199082,188171,187368,187579,208369,208607,186569,160756,120523,93946,69876,51703,44359,1441240,107465,105042,106606,114145,105433,98610,92461,91364,91664,101271,100994,89321,77111,56200,42228,28913,19366,13046,1526057,103491,100630,101642,110474,105461,100472,95710,96004,95915,107098,107613,97248,83645,64323,51718,40963,32337,31313,36,34.5,37.5,2299852,1100634,1199218,2211742,1055477,1156265,2072004,985147,1086857,473309,204243,269066,380407,159753,220654,2967297,2933190,1754684,1098385,15030,25742,5494,4474,3562,807,1537,7025,2843,1187,252,560,135,240,38162,34107,6714,4205,11088,3715,1782807,1115801,25910,32560,2776,44114,2967297,81481,52459,5888,2063,21071,2885816,2967297,81481,32397,4873,1185,265,239,36334,6188,2885816,1722287,1093512,13845,25477,948,1828,27919,2967297,2875333,1115768,506633,880481,620956,238272,119879,21751,134179,10837,5334,63270,91964,55135,40253,14882,36829,18760,18069,1115768,770266,336280,506633,198257,57661,26355,205972,111668,345502,293807,133519,30324,160288,75845,399211,279605,2.58,3.11,1274719,1115768,158951,44735,1920,16886,4915,28867,61628,2.1,11.6,1115768,777073,338695,2017902,857431,2.6,2.53,23.54313521,12.06750933,0.944,69.64%,30.36%,59.13%,37.02%,0.87%,0.51%,3
40,OK,Oklahoma,1.78E+11,3377212498,35.5894185,-97.4868683,3751351,264126,259336,253664,264484,269242,265737,241018,232742,228195,261242,264369,235969,204513,159392,121075,95051,69284,61912,1856977,134700,132918,130260,135644,137934,135908,122914,117446,114943,129816,129931,114982,98601,75279,55836,41390,28049,20426,1894374,129426,126418,123404,128840,131308,129829,118104,115296,113252,131426,134438,120987,105912,84113,65239,53661,41235,41486,36.2,34.9,37.7,2924289,1433439,1490850,2821685,1380744,1440941,2653673,1294975,1358698,625412,277969,347443,506714,220980,285734,3751351,3530030,2706845,277644,321687,65076,11906,9120,5901,2113,5949,16258,13829,4369,942,924,411,2092,154409,221321,134957,12302,25056,14495,2906285,327621,482760,84170,8206,176288,3751351,332007,267016,12223,2755,50013,3419344,3751351,332007,131464,5573,12954,922,392,151455,29247,3419344,2575381,272071,308733,64154,3977,2954,192074,3751351,3639334,1460450,722435,1046183,808840,219439,100213,23388,190827,16913,6679,86694,112017,64411,45111,19300,47606,26869,20737,1460450,975267,428943,722435,287231,73524,39355,179308,102357,485183,401153,182997,41956,218156,101974,485859,364575,2.49,3.04,1664378,1460450,203928,59264,2717,22671,8405,35187,75684,2.2,11,1460450,981760,478690,2497901,1141433,2.54,2.38,27.52597444,18.00501443,0.980,67.22%,32.78%,72.16%,7.40%,1.73%,8.58%,2.8
54,WV,West Virginia,62258675601,496845871,38.6472854,-80.6183274,1852994,104060,106016,109045,120092,117204,108444,112254,117136,120358,132924,143232,139368,125457,91728,71792,54725,43238,35921,913586,53300,54429,55544,61859,59925,55073,56821,59112,60717,65769,70744,68576,62051,44538,33358,23255,17099,11416,939408,50760,51587,53501,58233,57279,53371,55433,58024,59641,67155,72488,70792,63406,47190,38434,31470,26139,24505,41.3,40.1,42.6,1511356,738594,772762,1465576,714919,750657,1387908,675189,712719,368905,165110,203795,297404,129666,167738,1852994,1825852,1739988,63124,3787,12406,3304,2719,1939,586,1039,901,1918,428,141,80,51,156,6119,27142,7728,3086,11602,1350,1765642,76945,13314,16465,1254,8164,1852994,22268,9704,3701,764,8099,1830726,1852994,22268,13732,1002,294,121,41,4927,2151,1830726,1726256,62122,3493,12285,387,1192,24991,1852994,1803612,763831,380426,470258,336048,92978,40912,13498,96119,8677,4473,50786,49382,28323,18301,10022,21059,11151,9908,763831,502332,191195,380426,130068,36374,17890,85532,43237,261499,217308,97209,25951,120099,62314,218708,217826,2.36,2.88,881917,763831,118086,19521,1366,10381,4597,38283,43938,1.8,8.7,763831,561013,202818,1361430,442182,2.43,2.18,20.74211799,6.49386698,0.973,73.45%,26.55%,93.90%,3.41%,0.67%,0.20%,2.5
26,MI,Michigan,1.46E+11,1.04E+11,44.8410835,-85.6593197,9883640,596286,637784,675216,739599,669072,589583,574566,612493,665481,744581,765452,683186,568811,418625,306084,244085,200855,191881,4848114,304587,326145,345558,379477,338569,295323,285510,302902,330419,367747,376056,333377,275260,199261,140775,104920,80635,61593,5035526,291699,311639,329658,360122,330503,294260,289056,309591,335062,376834,389396,349809,293551,219364,165309,139165,120220,130288,38.9,37.6,40,7832236,3798521,4033715,7539572,3647803,3891769,7085405,3416741,3668664,1687274,744516,942758,1361530,587184,774346,9883640,9653321,7803120,1400362,62007,238199,77132,44496,22047,10911,24186,16787,42640,2604,753,521,359,971,147029,230319,52202,38198,72344,22133,8006969,1505514,139095,289607,9348,181749,9883640,436358,317903,37267,9922,71266,9447282,9883640,436358,233181,16606,7342,1709,434,137163,39923,9447282,7569939,1383756,54665,236490,2170,9866,190396,9883640,9654572,3872508,1857127,2892845,2095753,493487,194878,66113,538605,45773,22476,247283,229068,109867,76607,33260,119201,60781,58420,3872508,2554073,1106735,1857127,730892,185363,91281,511583,284562,1318435,1079678,483093,114063,596585,281374,1224631,985333,2.49,3.05,4532233,3872508,659725,141687,6684,77080,17978,263071,153225,2.7,11.5,3872508,2793342,1079166,7183134,2471438,2.57,2.29,29.10882282,28.53868383,0.963,72.13%,27.87%,78.95%,14.17%,2.41%,0.63%,2.4
8,CO,Colorado,2.68E+11,1170101258,38.9935752,-105.5077737,5029196,343960,348603,332654,339475,348615,372459,353819,353605,346039,371635,371063,328364,269280,182492,127468,96908,73144,69613,2520662,176361,177782,170192,175730,181765,192007,181317,182350,175758,185148,184243,161766,132389,87734,59773,43456,29773,23118,2508534,167599,170821,162462,163745,166850,180452,172502,171255,170281,186487,186820,166598,136891,94758,67695,53452,43371,46495,36.1,35.1,37.1,3937831,1962109,1975722,3803587,1893187,1910400,3595067,1784353,1810714,703251,319478,383773,549625,243854,305771,5029196,4856740,4089202,201737,56010,139028,20369,25215,14448,11097,20433,20899,26567,6623,1783,1784,1091,1965,364140,172456,34995,32789,28904,38859,4240231,249812,107832,185589,15200,418001,5029196,1038687,757181,22995,6253,252258,3990509,5029196,1038687,568409,12959,24766,3464,962,356518,71609,3990509,3520793,188778,31244,135564,5661,7622,100847,5029196,4913318,1972868,971397,1398288,1103342,255488,99745,32404,315277,18320,10107,127453,115878,61591,45384,16207,54287,32146,22141,1972868,1261527,590217,971397,422864,91299,49079,198831,118274,711341,550794,261384,46164,289410,107968,644491,398542,2.49,3.08,2212898,1972868,240030,57644,3058,32673,5418,101965,39272,2.5,7.8,1972868,1293100,679768,3323026,1590292,2.57,2.34,22.02816939,28.03950726,1.005,65.54%,34.46%,81.31%,4.01%,2.76%,1.11%,2
34,NJ,New Jersey,19047341691,3544030209,40.1072744,-74.6652012,8791894,541020,564750,587335,598099,541238,553139,556662,588379,649918,704516,674680,565623,480542,350972,260462,215715,179233,179611,4279600,276269,288621,300316,309344,279430,277775,275366,289398,317703,344613,328135,272186,227010,161604,115666,90298,69529,56337,4512294,264751,276129,287019,288755,261808,275364,281296,298981,332215,359903,346545,293437,253532,189368,144796,125417,109704,123274,39,37.4,40.3,6976489,3351572,3624917,6726680,3223123,3503557,6391930,3048612,3343318,1465451,625045,840406,1185993,493434,692559,8791894,8551591,6029248,1204826,29026,725726,292256,134442,110650,13146,93679,20628,60925,3043,674,915,234,1220,559722,240303,14965,40703,49511,60186,6210995,1300363,70716,795163,12999,660171,8791894,1555144,217715,434092,83362,819975,7236750,8791894,1555144,814370,79425,16799,5899,1080,532112,105459,7236750,5214878,1125401,12227,719827,1963,27610,134844,8791894,8605018,3214360,1643377,2690797,1854730,617258,180227,123141,439226,24733,21889,190283,186876,100621,65180,35441,86255,45269,40986,3214360,2226606,1025524,1643377,748765,154134,63015,429095,213744,987754,811221,334610,87163,476611,237910,1126325,864309,2.68,3.22,3553562,3214360,339202,92118,4578,39260,8145,134903,60198,1.8,7.6,3214360,2102465,1111895,5859337,2745681,2.79,2.47,8.548474727,2.386576187,0.948,65.41%,34.59%,68.58%,13.70%,8.25%,0.33%,2.9
10,DE,Delaware,5046703785,1399060967,38.9935501,-75.4473739,897934,55886,56486,56848,64583,62867,57603,53814,55329,60758,67556,65998,57816,53113,41809,30644,23885,17195,15744,434939,28415,28777,28953,32652,31493,28719,26409,27059,29390,32764,31713,27147,24916,19446,14139,10656,7177,5114,462995,27471,27709,27895,31931,31374,28884,27405,28270,31368,34792,34285,30669,28197,22363,16505,13229,10018,10630,38.8,37.4,40.1,716853,342696,374157,692169,330104,362065,650090,309170,340920,160702,71233,89469,129277,56532,72745,897934,874080,618617,191814,4181,28549,11424,6172,3276,540,2540,1438,3159,400,74,215,34,77,30519,23854,2402,3183,8736,2629,637392,205923,9899,33701,1216,35545,897934,73221,30283,22533,1443,18962,824713,897934,73221,31865,5032,1357,241,162,28994,5570,824713,586752,186782,2824,28308,238,1525,18284,897934,873521,342297,165280,249045,176188,59836,24594,8589,57063,4108,2743,25099,24413,11673,8030,3643,12740,5927,6813,342297,230731,97038,165280,62788,16989,8264,48462,25986,111566,87496,36935,9749,50561,23329,111348,92342,2.55,3.06,405885,342297,63588,11399,676,5985,1011,35939,8578,2.4,10.6,342297,246724,95573,636531,236990,2.58,2.48,4.141651112,0.670223219,0.939,72.08%,27.92%,68.89%,21.36%,3.18%,0.47%,2.7
30,MT,Montana,3.77E+11,3869200368,47.0511771,-109.6348174,989415,62423,60765,61124,66724,67138,64123,58741,55575,57370,71021,78811,75915,62943,46556,34186,25637,20342,20021,496667,32129,30932,31620,34515,34939,33135,30209,28355,28848,35234,38747,37835,32124,23455,16806,11987,8781,7016,492748,30294,29833,29504,32209,32199,30988,28532,27220,28522,35787,40064,38080,30819,23101,17380,13650,11561,13005,39.8,38.8,41,792520,395598,396922,765852,381758,384094,724590,360372,364218,182590,86385,96205,146742,68045,78697,989415,964439,884961,4027,62555,6253,618,1286,1383,850,837,297,982,668,295,107,123,143,5975,24976,14228,3233,2578,1864,908645,7917,78601,10482,1732,8434,989415,28565,20048,1491,421,6605,960850,989415,28565,16333,284,2653,115,59,5435,3686,960850,868628,3743,59902,6138,609,540,21290,989415,960566,409607,201611,250732,199586,38083,17018,4713,60533,3979,2564,27484,28849,11929,7289,4640,16920,9238,7682,409607,257087,106102,201611,73017,18431,10799,37045,22286,152520,121775,59524,14783,62251,29167,116376,104994,2.35,2.91,482825,409607,73218,10082,773,5964,1353,38510,16536,2.1,7.1,409607,278418,131189,674535,286031,2.42,2.18,36.65256048,45.0788226,1.008,67.97%,32.03%,89.44%,0.41%,0.63%,6.32%,2.2
53,WA,Washington,1.72E+11,12541835586,47.4162296,-120.5996231,6724540,439657,429877,438233,462128,461512,480398,453383,448607,459698,492909,495296,453078,382087,270474,186746,142068,111118,117271,3349707,225088,219702,224717,237577,238131,245014,229863,226850,232587,246507,245997,221321,186378,131064,88760,64325,45743,40083,3374833,214569,210175,213516,224551,223381,235384,223520,221757,227111,246402,249299,231757,195709,139410,97986,77743,65375,77188,37.3,36.2,38.3,5327767,2634593,2693174,5143186,2539505,2603681,4860559,2393714,2466845,1047310,476759,570551,827677,369975,457702,6724540,6411614,5196362,240042,103869,481067,61124,94198,91367,35008,62374,66575,70421,40475,5861,9746,13110,11758,349799,312926,66769,83994,51624,34488,5471864,325004,198998,604251,70322,400896,6724540,755790,601768,25838,6744,121440,5968750,6724540,755790,319558,10439,15134,5433,1692,337961,65573,5968750,4876804,229603,88735,475634,38783,11838,247353,6724540,6585165,2620076,1288849,1846348,1418356,349280,123390,50602,480612,34160,20470,200704,139375,57844,39052,18792,81531,46199,35332,2620076,1687455,762444,1288849,534541,124402,65903,274204,162000,932621,711619,331357,68342,380262,159455,836791,597620,2.51,3.06,2885677,2620076,265601,72112,4877,41417,7623,89907,49665,2.4,7,2620076,1673920,946156,4363398,2221767,2.61,2.35,23.07331316,22.01071344,0.993,63.89%,36.11%,77.27%,3.57%,7.15%,1.54%,2.1
9,CT,Connecticut,12541641427,1815734898,41.5797842,-72.7466666,3574097,202106,222571,240265,250834,227898,214145,206232,222401,262037,291272,284325,240157,203295,149281,105663,89252,77465,84898,1739614,103475,113763,122924,128949,117117,107986,102038,108637,127555,141757,138961,116699,96939,70258,47331,37908,30369,26948,1834483,98631,108808,117341,121885,110781,106159,104194,113764,134482,149515,145364,123458,106356,79023,58332,51344,47096,57950,40,38.5,41.3,2859207,1373924,1485283,2757082,1321418,1435664,2610182,1245638,1364544,625498,269437,356061,506559,212814,293745,3574097,3481421,2772410,362296,11256,135565,46415,31404,11998,3574,9619,9341,23214,1428,322,455,155,496,198466,92676,9419,14451,24786,17778,2846192,405600,31140,157088,5397,229123,3574097,479087,50658,252972,9490,165967,3095010,3574097,479087,226148,27177,4371,1474,470,186276,33171,3095010,2546262,335119,6885,134091,958,12190,59505,3574097,3455945,1371087,672013,1031514,742162,190342,61408,38009,190989,10585,9255,90355,118152,49370,27711,21659,68782,36329,32453,1371087,908661,410990,672013,287161,59675,26178,176973,97651,462426,373648,157923,40132,215725,104787,448063,362973,2.52,3.08,1487891,1371087,116804,40004,1960,15564,3729,29618,25929,1.6,8.2,1371087,925286,445801,2443707,1012238,2.64,2.27,5.714374641,1.550061761,0.948,67.49%,32.51%,77.57%,10.14%,3.79%,0.31%,2.8
6,CA,California,4.03E+11,20501110720,37.148573,-119.5406515,37253956,2531333,2505839,2590930,2823940,2765949,2744409,2573468,2573579,2609131,2689819,2562552,2204296,1832197,1303558,971778,766971,603239,600968,18517830,1294056,1279563,1325915,1455082,1440785,1408698,1304347,1291370,1313323,1341984,1266543,1069976,879171,610224,443402,337174,245402,210815,18736126,1237277,1226276,1265015,1368858,1325164,1335711,1269121,1282209,1295808,1347835,1296009,1134320,953026,693334,528376,429797,357837,390153,35.2,34,36.3,29079048,14337992,14741056,27958916,13761238,14197678,26228272,12864559,13363713,5292435,2348144,2944291,4246514,1847017,2399497,37253956,35438572,21453934,2299072,362801,4861007,528176,1253102,1195580,272528,451892,581946,577783,144386,21423,24299,40900,57764,6317372,1815384,208833,446563,180920,494321,22953374,2683914,723225,5556592,286145,7023538,37253956,14013719,11423146,189945,88607,2312021,23240237,37253956,14013719,6497681,135268,200551,85937,15809,6231785,846688,23240237,14956253,2163804,162250,4775070,128577,85587,968696,37253956,36434140,12577498,6213310,11308643,7839242,3611597,1221251,541799,2723092,199415,124544,902967,819816,397142,298275,98867,422674,245592,177082,12577498,8642473,4150523,6213310,2942803,752347,350838,1676816,856882,3935025,2929442,1311878,307929,1617564,715148,4713016,3106433,2.9,3.45,13680081,12577498,1102583,374610,20347,154775,34288,302815,215748,2.1,6.3,12577498,7035371,5542127,20742929,15691211,2.95,2.83,42.61808605,43.08336029,0.988,55.94%,44.06%,57.59%,6.17%,13.05%,0.97%,2.3
21,KY,Kentucky,1.02E+11,2386569692,37.5336807,-85.2929841,4339367,282367,282888,284154,296795,289968,285296,280920,285411,291251,323642,319455,288027,250966,185664,139650,105392,78313,69208,2134952,144179,144859,145813,152107,147432,143707,142068,143758,145723,159866,156619,139800,121225,87689,63888,45087,30112,21020,2204415,138188,138029,138341,144688,142536,141589,138852,141653,145528,163776,162836,148227,129741,97975,75762,60305,48201,48188,38.1,36.7,39.3,3432660,1670520,1762140,3315996,1610485,1705511,3131895,1516937,1614958,722724,317300,405424,578227,247796,330431,4339367,4264159,3809537,337520,10120,48930,12501,9051,5188,4124,4917,5046,8103,2501,541,866,368,726,55551,75208,16172,9228,30985,7248,3878336,376213,31355,62029,5111,66413,4339367,132836,82110,11454,9323,29949,4206531,4339367,132836,63882,4445,1478,592,427,50917,11095,4206531,3745655,333075,8642,48338,2074,4634,64113,4339367,4213497,1719965,848324,1192971,889181,232805,107730,28154,219432,22136,8038,109699,125870,70779,46482,24297,55091,30233,24858,1719965,1149905,492953,848324,329086,82545,41976,219036,121891,570060,473447,211205,47256,262242,121590,560330,420063,2.45,2.98,1927164,1719965,207199,56960,3059,27286,8687,38616,72591,2.2,9.5,1719965,1181271,538694,2966808,1246689,2.51,2.31,22.84408579,10.66815575,0.968,68.68%,31.32%,87.79%,7.78%,1.13%,0.23%,2.6
25,MA,Massachusetts,20202057805,7133683836,42.1565196,-71.4895915,6547629,367087,385687,405613,462756,475668,441525,403616,418195,468954,515434,497001,432822,370547,264459,192001,162592,138473,145199,3166628,187605,196547,207419,234880,236256,218255,198338,203757,228652,251937,241668,208594,176295,123127,85791,68931,53551,45025,3381001,179482,189140,198194,227876,239412,223270,205278,214438,240302,263497,255333,224228,194252,141332,106210,93661,84922,100174,39.1,37.7,40.3,5303787,2531101,2772686,5128706,2441229,2687477,4825238,2289289,2535949,1116677,477926,638751,902724,376425,526299,6547629,6375626,5265236,434398,18850,349768,77177,122957,12309,9224,24110,42915,61076,2223,520,671,210,822,305151,172003,16108,32594,38964,34355,5400458,508413,50705,394211,10257,369611,6547629,627654,38379,266125,11306,311844,5919975,6547629,627654,280436,42705,8072,2273,756,243604,49808,5919975,4984800,391693,10778,347495,1467,61547,122195,6547629,6308747,2547075,1178690,1823575,1290794,339156,102103,70508,420251,18773,18044,177702,238882,74667,40428,34239,164215,78861,85354,2547075,1603591,720640,1178690,502510,106657,44844,318244,173286,943484,732263,307384,75359,424879,195625,784853,653103,2.48,3.08,2808254,2547075,261179,66673,3822,25038,6408,115630,43608,1.5,6.5,2547075,1587158,959917,4214212,2094535,2.66,2.18,11.99653564,2.977929433,0.937,62.31%,37.69%,80.41%,6.63%,5.34%,0.29%,2.6
12,FL,Florida,1.39E+11,31424168203,28.4574302,-82.4091478,18801310,1073506,1080255,1130847,1228382,1228758,1179227,1110318,1178467,1252787,1401202,1340291,1202418,1135250,959233,768707,615514,482023,434125,9189355,547985,551053,578689,631287,627063,594897,555239,585141,623330,691335,650033,569009,533868,448193,357908,280087,205925,158313,9611955,525521,529202,552158,597095,601695,584330,555079,593326,629457,709867,690258,633409,601382,511040,410799,335427,276098,275812,40.7,39.4,42.1,15283266,7391989,7891277,14799219,7142364,7656855,14030290,6748874,7281416,3936101,1769011,2167090,3259602,1450426,1809176,18801310,18328733,14109162,2999862,71458,454821,128735,72248,90223,13224,26205,58470,65716,12286,2809,3747,1153,4577,681144,472577,55974,70932,112370,106667,14488435,3200663,162562,573083,39914,844318,18801310,4223806,629718,847550,1213438,1533100,14577504,18801310,4223806,3224440,148762,24193,9605,2561,632682,181563,14577504,10884722,2851100,47265,445216,9725,48462,291014,18801310,18379601,7420802,3457149,4884582,3429355,1362543,476474,246306,1254525,79753,88767,544907,421709,254506,186625,67881,167203,92451,74752,7420802,4835475,1932725,3457149,1230374,373284,172008,1005042,530343,2585327,2021781,881965,250136,1139816,574253,2209965,2327682,2.48,3.01,8989580,7420802,1568778,371626,15438,198232,31911,657070,294501,3.8,13.2,7420802,4998979,2421823,12351838,6027763,2.47,2.49,31.67262486,15.70012922,0.956,67.36%,32.64%,75.04%,15.96%,2.42%,0.38%,2.7
16,ID,Idaho,2.14E+11,2397887804,44.3020948,-114.5956254,1567582,121772,121195,116955,115359,108209,106734,102231,96845,94764,103560,104977,96997,83316,63428,46106,34278,25614,25242,785324,62468,61887,60104,58936,54782,54818,52206,49149,47948,51546,52006,48095,41542,31148,22648,15960,11073,9008,782258,59304,59308,56851,56423,53427,51916,50025,47696,46816,52014,52971,48902,41774,32280,23458,18318,14541,16234,34.6,33.7,35.4,1184858,589075,595783,1138510,565077,573433,1070097,531313,538784,242859,113943,128916,194668,89837,104831,1567582,1528647,1396487,9810,21441,19069,2152,4039,3022,2620,1670,1707,3859,2317,637,543,387,750,79523,38935,12488,8222,4369,7666,1432824,15940,36385,29698,5094,89142,1567582,175901,148923,2910,825,23243,1391681,1567582,175901,80244,935,3885,540,164,77984,12149,1391681,1316243,8875,17556,18529,2153,1539,26786,1567582,1538631,579408,320390,478910,390873,69595,29287,8687,90328,7503,3481,36547,28951,17076,12258,4818,11875,6261,5614,579408,403144,189730,320390,139314,27085,16066,55669,34350,176264,137785,64386,15816,73399,35409,206627,138457,2.66,3.16,667796,579408,88388,16360,997,12814,2177,41660,14380,3.1,8.5,579408,404903,174505,1092292,446339,2.7,2.56,31.16600289,24.45670774,1.004,69.88%,30.12%,89.09%,0.63%,1.22%,1.37%,1.7
29,MO,Missouri,1.78E+11,2500563712,38.35075,-92.4567826,5988927,390237,390463,396925,423786,413289,403239,372228,368070,380546,444766,443806,389985,333293,257053,193437,155271,118754,113779,2933477,199528,199591,203213,216939,207793,201438,186306,183144,188854,220099,218081,188437,159520,121239,88753,67506,47180,35856,3055450,190709,190872,193712,206847,205496,201801,185922,184926,191692,224667,225725,201548,173773,135814,104684,87765,71574,77923,37.9,36.5,39.2,4730501,2289523,2440978,4563491,2203779,2359712,4300988,2070483,2230505,1030757,452502,578255,838294,360534,477760,5988927,5864338,4958770,693391,27376,98083,23223,22104,10914,3186,9249,14523,14884,6261,958,969,1557,2777,80457,124589,33738,18604,39037,10728,5070826,747474,72376,123571,11296,96920,5988927,212470,147254,12236,4979,48001,5776457,5988927,212470,108022,6242,3314,862,498,75085,18447,5776457,4850748,687149,24062,97221,5763,5372,106142,5988927,5814785,2375611,1150929,1672430,1263106,287911,125635,36495,327904,29729,12278,159237,174142,93274,57397,35877,80868,43507,37361,2375611,1552133,676727,1150929,449855,109000,58729,292204,168143,823478,672276,298358,67247,373918,172744,754287,595032,2.45,3,2712729,2375611,337118,92946,4290,44200,11098,80374,104210,2.6,11.1,2375611,1633610,742001,4145569,1669216,2.54,2.25,24.92474765,18.61500134,0.960,68.77%,31.23%,82.80%,11.58%,1.64%,0.46%,2.7
15,HI,Hawaii,16634529975,11678494458,19.809767,-155.5061027,1360301,87407,83361,81539,85994,95829,97302,88031,86756,89617,95787,97978,93340,82222,59170,41353,34675,29702,30238,681243,45019,42847,41699,44590,51981,50683,44921,43994,45253,48213,48831,46148,40879,28849,19140,14940,11904,11352,679058,42388,40514,39840,41404,43848,46619,43110,42762,44364,47574,49147,47192,41343,30321,22213,19735,17798,18886,38.6,37.2,39.9,1091079,543085,547994,1056483,525231,531252,1003512,497216,506296,241984,109448,132536,195138,86185,108953,1360301,1039672,336599,21424,4164,525078,2201,54955,197497,185502,24203,9779,50941,135422,80337,2700,18287,34098,16985,320629,7932,66456,3883,3394,564323,38820,33470,780968,355816,34199,1360301,120842,35415,44116,1544,39767,1239459,1360301,120842,27256,1520,1341,11784,7200,15097,56644,1239459,309343,19904,2823,513294,128222,1888,263985,1360301,1317421,455338,230076,362370,230892,167820,63047,26845,101817,7174,7634,33068,42880,11306,6802,4504,31574,21517,10057,455338,313907,126155,230076,91610,26590,10737,57241,23808,141431,106175,51465,12371,54710,24603,156045,137815,2.89,3.42,519508,455338,64170,16441,954,4277,1151,30079,11268,1.6,7.8,455338,262682,192656,793160,524261,3.02,2.72,20.99151546,2.460704085,1.003,57.69%,42.31%,24.74%,1.57%,38.60%,0.31%,2.7
1,AL,Alabama,1.31E+11,4596557532,32.7396323,-86.8434593,4779736,304957,308229,319655,343471,335322,311034,297888,308430,311071,346369,347485,311906,276127,209637,160864,122836,88771,75684,2320188,155265,157340,163417,175151,167520,153716,146424,151078,152707,169103,168725,149633,131603,97893,72143,51927,33684,22859,2459548,149692,150889,156238,168320,167802,157318,151464,157352,158364,177266,178760,162273,144524,111744,88721,70909,55087,52825,37.9,36.4,39.1,3781800,1810745,1971055,3647277,1741539,1905738,3431106,1632856,1798250,817775,354696,463079,657792,278506,379286,4779736,4708485,3275394,1251311,28218,53595,13036,9436,4952,2391,8320,7398,8062,3057,522,1774,213,548,96910,71251,21953,8835,19666,6524,3337077,1281118,57118,67036,5914,107353,4779736,185602,122911,12225,4064,46402,4594134,4779736,185602,70992,6874,2311,658,1081,92880,10806,4594134,3204402,1244437,25907,52937,1976,4030,60445,4779736,4663920,1883791,902556,1345625,964604,326474,148127,36385,205474,15993,7844,88753,115816,67004,44626,22378,48812,24122,24690,1883791,1276440,538069,902556,348191,86147,37524,287737,152354,607351,516696,229989,51864,286707,132828,623135,481075,2.48,3.02,2171853,1883791,288062,79265,3761,35903,9227,63890,96016,2.6,12.1,1883791,1312589,571202,3311304,1352616,2.52,2.37,17.34506727,13.0672324,0.943,69.68%,30.32%,68.53%,26.18%,1.12%,0.59%,2.7
45,SC,South Carolina,77856841944,5075831885,33.8741769,-80.8542699,4625364,302297,295853,297286,328989,332494,304378,287678,296682,304610,332766,326662,303240,280555,215561,153482,113248,78866,70717,2250101,153432,150301,152166,168250,168546,151620,142881,145905,149319,161848,156907,142682,132762,101727,70340,49294,30710,21411,2375263,148865,145552,145120,160739,163948,152758,144797,150777,155291,170918,169755,160558,147793,113834,83142,63954,48156,49306,37.9,36.4,39.2,3669965,1763417,1906548,3544890,1699463,1845427,3327093,1588301,1738792,797018,351587,445431,631874,273482,358392,4625364,4545429,3060000,1290684,19524,59051,15941,9686,10053,2413,4876,6801,9281,2706,570,1046,225,865,113464,79935,13910,10461,27432,9236,3127075,1332188,42171,75674,5880,128464,4625364,235682,138358,26493,5955,64876,4389682,4625364,235682,97260,10686,2910,744,593,107750,15739,4389682,2962740,1279998,16614,58307,2113,5714,64196,4625364,4486210,1801181,849959,1273940,918013,316872,140993,36364,244258,17126,9580,107577,139154,63765,46522,17243,75389,42569,32820,1801181,1216415,509699,849959,319204,85354,39023,281102,151472,584766,477894,210915,47907,266979,118449,590942,459418,2.49,3.01,2137683,1801181,336502,92758,3957,36523,8519,112531,82214,2.8,14.3,1801181,1248805,552376,3130499,1355711,2.51,2.45,15.53587432,8.082216333,0.947,69.33%,30.67%,66.16%,27.90%,1.28%,0.42%,2.8
33,NH,New Hampshire,23187259277,1026959156,43.6708595,-71.5811278,1316470,69806,77756,84620,93620,84546,73121,71351,82152,97026,113564,112397,96289,81954,57176,39586,31774,24971,24761,649394,35586,39544,43594,47768,43098,36938,35301,40556,48022,56067,55864,47759,40253,27926,18698,14311,10058,8051,667076,34220,38212,41026,45852,41448,36183,36050,41596,49004,57497,56533,48530,41701,29250,20888,17463,14913,16710,41.1,40.2,42,1066277,521320,544957,1029236,502330,526906,972077,473350,498727,225735,102328,123407,178268,79044,99224,1316470,1295088,1236050,15035,3150,28407,8268,6356,2177,841,2175,2472,6118,384,120,110,25,129,12062,21382,6104,4949,5021,2250,1255950,21736,10524,34522,1160,15399,1316470,36704,7822,11729,1349,15804,1279766,1316470,36704,21000,1410,457,166,55,10259,3357,1279766,1215050,13625,2693,28241,329,1803,18025,1316470,1276366,518973,270635,353164,263119,50081,17427,11167,83513,5611,4264,43000,40104,13113,6986,6127,26991,12988,14003,518973,344197,148258,270635,105982,23315,12877,50247,29399,174776,133057,60906,14149,72151,33833,160692,126413,2.46,2.96,614754,518973,95781,13293,787,7521,1393,63910,8877,2,8.1,518973,368316,150657,954287,322079,2.59,2.14,10.17359869,2.702925049,0.973,70.97%,29.03%,93.89%,1.14%,2.16%,0.24%,1.8
46,SD,South Dakota,1.96E+11,3379099963,44.4467957,-100.2381762,814180,59621,55531,53960,57628,57596,55570,49859,45766,47346,57519,59399,54231,43573,31944,25683,21724,18004,19226,407381,30535,28544,27678,29682,29663,28958,25625,23276,24208,28953,29861,27445,22100,15564,12064,9475,7453,6297,406799,29086,26987,26282,27946,27933,26612,24234,22490,23138,28566,29538,26786,21473,16380,13619,12249,10551,12929,36.9,35.6,38.2,634183,315054,319129,611383,303282,308101,575533,284814,290719,141155,63324,77831,116581,50853,65728,814180,796897,699392,10207,71817,7610,1152,1297,1048,290,834,762,2227,394,95,148,44,107,7477,17283,8499,1894,3064,1262,715167,14705,82073,10216,920,9318,814180,22119,13839,1483,265,6532,792061,814180,22119,9890,248,2341,57,81,7019,2483,792061,689502,9959,69476,7553,313,458,14800,814180,780130,322282,161617,220520,179645,31471,15570,3084,44240,3721,1562,20970,34050,14797,8786,6011,19253,9651,9602,322282,206964,91896,161617,63461,14233,8381,31114,20054,115318,94638,44920,9875,49718,25270,100118,80238,2.42,3,363438,322282,41156,10366,642,3696,1314,13277,11861,1.6,9.1,322282,219558,102724,556245,223885,2.53,2.18,23.87733236,22.57847249,1.001,68.13%,31.87%,85.90%,1.25%,0.93%,8.82%,2.6
17,IL,Illinois,1.44E+11,6202038080,40.1028754,-89.1526108,12830632,835577,859405,879448,922092,878964,910273,865684,855790,870100,940094,930785,807778,665429,485060,364475,289385,235381,234912,6292276,425893,438556,449160,473736,447513,456887,433782,426476,432756,463423,455953,392322,318903,225894,163405,122706,92019,72892,6538356,409684,420849,430288,448356,431451,453386,431902,429314,437344,476671,474832,415456,346526,259166,201070,166679,143362,162020,36.6,35.2,37.9,10072849,4884648,5188201,9701453,4693917,5007536,9154497,4412627,4741870,1990462,858966,1131496,1609213,676916,932297,12830632,12540650,9177877,1866414,43963,586934,188328,104166,114724,17542,61469,25036,75669,4050,1122,1100,492,1336,861412,289982,32749,56258,70615,66820,9423048,1974113,101451,668694,13546,958603,12830632,2027578,1602403,182989,22541,219645,10803054,12830632,2027578,1010124,33490,25114,6348,1073,845404,106025,10803054,8167753,1832924,18849,580586,2977,16008,183957,12830632,12528859,4836972,2332995,3840210,2753355,839861,318042,113738,678821,48169,24850,306163,301773,159989,99944,60045,141784,74977,66807,4836972,3182984,1455656,2332995,1016456,227684,104931,622305,334269,1653988,1346312,595401,130031,750911,338825,1619862,1168353,2.59,3.2,5296715,4836972,459743,158882,7998,82739,16677,47289,146158,2.5,9.1,4836972,3263639,1573333,8787463,3741396,2.69,2.38,22.5325351,15.85260221,0.962,67.47%,32.53%,71.53%,14.55%,4.57%,0.34%,2.7
47,TN,Tennessee,1.07E+11,2355218865,35.8585639,-86.3493573,6346105,407813,412181,418941,437186,426244,417683,406314,423622,430508,467087,459349,414991,370724,280538,206536,154517,111954,99917,3093504,208119,210090,215039,223002,212905,206997,201529,209760,213014,228086,222283,198721,177924,133139,94112,65637,43111,30036,3252601,199694,202091,203902,214184,213339,210686,204785,213862,217494,239001,237066,216270,192800,147399,112424,88880,68843,69881,38,36.7,39.2,5022781,2417135,2605646,4850104,2328323,2521781,4580604,2192141,2388463,1068951,469585,599366,853462,366035,487427,6346105,6236096,4921948,1057315,19994,91242,23900,15415,9247,3962,9818,10033,18867,3642,771,1507,516,848,141955,110009,25649,15145,36370,12638,5019639,1107178,54874,113398,7785,160880,6346105,290059,186615,21060,7773,74611,6056046,6346105,290059,121166,7924,3692,931,875,135533,19938,6056046,4800782,1049391,16302,90311,2767,6422,90071,6346105,6192633,2493552,1214794,1751644,1285208,405901,177701,49568,326742,28453,12037,145134,153472,84371,54322,30049,69101,35421,33680,2493552,1679177,709201,1214794,466514,118949,56740,345434,185947,814375,671286,294442,65071,376844,168139,813892,619841,2.48,3.01,2812133,2493552,318581,98370,3980,47274,10518,60778,97661,2.7,11,2493552,1700592,792960,4304472,1888161,2.53,2.38,22.60586703,10.88954504,0.951,68.20%,31.80%,77.56%,16.66%,1.44%,0.32%,2.5
18,IN,Indiana,92789193658,1537004191,39.9030256,-86.2839503,6483802,434075,444821,452171,475515,452026,419530,407815,417011,423819,473946,472822,418515,350628,259057,193278,151843,121658,115272,3189737,221819,227736,230960,243490,228268,210811,204713,208907,212134,234880,233891,205257,168979,122090,88090,64775,47290,35647,3294065,212256,217085,221211,232025,223758,208719,203102,208104,211685,239066,238931,213258,181649,136967,105188,87068,74368,79625,37,35.7,38.2,5061394,2462243,2599151,4875504,2366631,2508873,4578226,2215523,2362703,1041714,454166,587548,841108,357892,483216,6483802,6355901,5467906,591397,18462,102474,27598,22553,10652,4896,10322,6845,19608,2348,728,636,326,658,173314,127901,22076,17502,48734,18449,5583367,654415,49738,126750,6385,199408,6483802,389707,295373,30304,4042,59988,6094095,6483802,389707,181453,9257,4297,1030,495,164639,28536,6094095,5286453,582140,14165,101444,1853,8675,99365,6483802,6296879,2502154,1241267,1877746,1425310,318130,140919,39939,357582,35921,11971,172836,186923,95336,59771,35565,91587,45641,45946,2502154,1674126,746717,1241267,497470,122677,66289,310182,182958,828028,671920,303513,64936,368407,173181,832668,598795,2.52,3.05,2795541,2502154,293387,93029,3859,46410,10862,45571,93656,2.6,10.9,2502154,1747975,754179,4543125,1753754,2.6,2.33,17.16241951,9.938587523,0.968,69.86%,30.14%,84.33%,9.12%,1.58%,0.28%,2.5
19,IA,Iowa,1.45E+11,1076595005,42.0700243,-93.4933473,3046355,202123,200646,200904,216837,213350,197843,184740,177148,187400,216482,223244,204393,168357,124365,100291,83387,70187,74658,1508319,103401,102669,103327,111239,109467,101509,94027,89574,94810,107876,111584,102309,83250,59642,46140,36112,28032,23351,1538036,98722,97977,97577,105598,103883,96334,90713,87574,92590,108606,111660,102084,85107,64723,54151,47275,42155,51307,38.1,36.6,39.5,2402200,1178244,1223956,2318362,1134929,1183433,2178618,1063532,1115086,549093,240542,308551,452888,193277,259611,3046355,2993022,2781561,89148,11084,53094,11081,9834,3558,1332,5537,8347,13405,2003,381,313,128,1181,56132,53333,9475,8663,19063,7715,2830454,113225,24511,64512,3847,66742,3046355,151544,117090,4885,1226,28343,2894811,3046355,151544,80438,2242,2503,497,206,54000,11658,2894811,2701123,86906,8581,52597,1797,2132,41675,3046355,2948243,1221576,625173,828460,669076,99491,41240,11929,173543,14106,5540,82313,98112,43282,22050,21232,54830,27944,26886,1221576,790034,347118,625173,244753,51105,30110,113756,72255,431542,347479,156260,35578,191219,99509,373432,311990,2.41,2.97,1336417,1221576,114841,31812,1803,18405,5555,21020,36246,2,8.5,1221576,880635,340941,2217901,730342,2.52,2.14,20.77161188,15.85763012,0.981,72.09%,27.91%,91.31%,2.93%,1.74%,0.36%,2.9
4,AZ,Arizona,2.94E+11,1026196264,34.2099643,-111.602401,6392017,455715,453680,448664,461582,442584,439998,416695,415693,406801,427022,415524,375268,350960,282866,215026,162261,118278,103400,3175823,232562,231246,228995,237280,229562,225608,212223,210224,205899,212499,202411,178665,166954,133599,102628,76221,51509,37738,3216194,223153,222434,219669,224302,213022,214390,204472,205469,200902,214523,213113,196603,184006,149267,112398,86040,66769,65662,35.9,34.8,37.2,4944481,2437034,2507447,4763003,2343919,2419084,4478620,2197021,2281599,1088699,500252,588447,881831,401695,480136,6392017,6173717,4667121,259008,296529,176695,36047,32356,35013,9152,15022,24216,24889,12648,3837,2646,2000,4165,761716,218300,34584,35647,35442,61934,4852961,318665,353386,230907,25106,846031,6392017,1895149,1657668,34787,10692,192002,4496868,6392017,1895149,971474,19907,39103,6186,1689,753121,103669,4496868,3695647,239101,257426,170509,10959,8595,114631,6392017,6252633,2380990,1146036,1845458,1392051,464896,198814,58658,415253,32217,23198,186080,139384,84788,68280,16508,54596,29951,24645,2380990,1576520,706431,1146036,465120,134171,71914,296313,169397,804470,621008,288621,68260,332387,147722,800348,628997,2.63,3.19,2844526,2380990,463536,120490,5449,64407,10550,184327,78313,3.9,12.9,2380990,1571687,809303,4134117,2118516,2.63,2.62,23.92735305,28.91912233,0.987,66.01%,33.99%,73.01%,4.05%,2.76%,4.64%,2.4
27,MN,Minnesota,2.06E+11,18930454637,46.3161343,-94.1994801,5303925,355504,355536,352342,367829,355651,372686,342900,328190,352904,406203,401695,349589,279775,202570,151857,122114,99916,106664,2632132,181342,181614,180356,188594,180725,187562,174549,165815,177234,203588,200663,174321,137760,97533,70840,54464,40865,34307,2671793,174162,173922,171986,179235,174926,185124,168351,162375,175670,202615,201032,175268,142015,105037,81017,67650,59051,72357,37.4,36.3,38.4,4168319,2051872,2116447,4019862,1975539,2044323,3799982,1862995,1936987,842135,375818,466317,683121,298009,385112,5303925,5178780,4524062,274412,60916,214234,33031,24643,9464,3611,14982,23544,104959,2156,573,378,299,906,103000,125145,27255,24348,36912,11584,4634915,327548,101900,247132,6206,121996,5303925,250258,176007,10807,3661,59783,5053667,5303925,250258,118920,5271,5495,1238,296,97053,21985,5053667,4405142,269141,55421,212996,1860,5947,103160,5303925,5168530,2087227,1060509,1507367,1186710,192190,70524,24441,321237,21471,10711,143473,135395,56308,30514,25794,79087,40003,39084,2087227,1349015,615770,1060509,443212,89707,48844,198799,123714,738212,584008,264076,55631,319932,145828,658591,476444,2.48,3.05,2347201,2087227,259974,48091,3198,30726,6232,130471,41256,2,7.8,2087227,1523859,563368,3950160,1218370,2.59,2.16,35.11114218,26.32535626,0.985,73.01%,26.99%,85.30%,5.17%,4.04%,1.15%,2.1
22,LA,Louisiana,1.12E+11,23761143266,30.8577705,-91.803273,4533372,314260,306362,306836,326779,338309,332925,295508,276479,288120,325046,329329,292567,242995,178365,133629,102876,77301,65686,2219292,160136,156386,156872,165747,169290,166926,148120,137544,142158,159073,161186,141798,116767,83130,60121,43236,29905,20897,2314080,154124,149976,149964,161032,169019,165999,147388,138935,145962,165973,168143,150769,126228,95235,73508,59640,47396,44789,35.8,34.5,37.2,3544274,1714324,1829950,3415357,1648499,1766858,3210884,1546329,1664555,697165,304090,393075,557857,237289,320568,4533372,4460489,2836192,1452396,30579,70132,11174,10017,6416,1464,3367,28352,9342,1963,466,738,252,507,69227,72883,14868,8986,19951,9819,2895868,1486885,55079,84335,4879,85725,4533372,192560,78643,11603,10330,91984,4340812,4533372,192560,101308,9976,2487,805,419,62448,15117,4340812,2734884,1442420,28092,69327,1544,6779,57766,4533372,4405945,1728360,768198,1325420,936962,340429,159522,34961,243538,17904,9081,116865,127427,88104,67505,20599,39323,20554,18769,1728360,1160118,510286,768198,304080,95416,45517,296504,160689,568242,464334,216299,45812,248035,108214,599371,409608,2.55,3.1,1964981,1728360,236621,66857,3273,21480,7294,42253,95464,1.8,10.5,1728360,1162299,566061,3032918,1373027,2.61,2.43,26.16172042,12.80238316,0.959,67.25%,32.75%,62.56%,32.04%,1.55%,0.67%,2.7
11,DC,District of Columbia,158114680,18884970,38.9041485,-77.0170942,601723,32613,26147,25041,39919,64110,69649,55096,42925,37734,38539,37164,34274,29703,21488,15481,11820,9705,10315,284222,16533,13198,12641,18951,28801,32167,26617,21447,19136,19534,18114,15994,13398,9605,6671,4782,3516,3117,317501,16080,12949,12400,20968,35309,37482,28479,21478,18598,19005,19050,18280,16305,11883,8810,7038,6189,7198,33.8,33.6,34,512575,239203,273372,500908,233333,267575,465487,217045,248442,85641,35270,50371,68809,27691,41118,601723,584407,231471,305125,2079,21056,5214,5231,2690,1172,2290,1567,2892,302,75,111,29,87,24374,17316,904,3736,3476,2068,243650,314352,6521,26857,1320,28621,601723,54749,8507,3129,1789,41324,546974,601723,54749,22007,4072,757,238,86,22923,4666,546974,209464,301053,1322,20818,216,1451,12650,601723,561702,266707,58659,121429,80575,46591,17444,4272,68316,1708,1975,20570,40021,7339,4798,2541,32682,16037,16645,266707,112715,45921,58659,21142,10376,3596,43680,21183,153992,117431,51964,8808,65467,17105,55193,54391,2.11,3.01,296719,266707,30012,13393,926,3930,1007,3537,7219,3.4,7.9,266707,112055,154652,246246,315456,2.2,2.04,0.684365617,0.018380812,0.895,42.01%,57.99%,38.47%,50.71%,3.50%,0.35%,0.4
51,VA,Virginia,1.02E+11,8507698663,37.5222512,-78.6681938,8001024,509625,511849,511246,550965,572091,564342,526077,540063,568865,621155,592845,512595,442369,320302,229502,173929,130801,122403,3925983,260107,260549,261624,281502,294041,283970,261654,268137,280401,304989,288783,246591,212313,151278,105177,75311,51110,38446,4075041,249518,251300,249622,269463,278050,280372,264423,271926,288464,316166,304062,266004,230056,169024,124325,98618,79691,83957,37.5,36.1,38.7,6362861,3089650,3273211,6147347,2978956,3168391,5799894,2802034,2997860,1232677,544049,688628,976937,421322,555615,8001024,7767624,5486852,1551399,29225,439890,103916,59777,66963,9471,70577,53529,75657,5980,1410,2222,749,1599,254278,233400,25771,59051,62204,27658,5681937,1653563,80924,522199,15422,301435,8001024,631825,155067,73958,15229,387571,7369199,8001024,631825,300402,27695,8546,3592,919,238940,51731,7369199,5186450,1523704,20679,436298,5061,15338,181669,8001024,7761190,3056058,1534844,2205094,1635360,481385,179596,72904,483809,32582,16788,173864,239834,101333,73020,28313,138501,79051,59450,3056058,2047188,912512,1534844,644610,133142,61887,379202,206015,1008870,795117,344272,72978,450845,187704,1020156,711865,2.54,3.06,3364939,3056058,308881,82493,5408,44881,9570,80468,86061,2.1,7.6,3056058,2055186,1000872,5345619,2415571,2.6,2.41,24.63665652,11.29095953,0.963,67.25%,32.75%,68.58%,19.39%,5.50%,0.37%,2.6
48,TX,Texas,6.77E+11,19074619314,31.4347032,-99.2818238,25145561,1928473,1928234,1881883,1883124,1817079,1853039,1760434,1763587,1694795,1760467,1674869,1422924,1174767,853100,619156,477245,347206,305179,12472280,984149,983814,962866,968686,932353,938966,882887,876139,846865,874863,827933,691275,565820,403269,283865,208530,139029,100971,12673281,944324,944420,919017,914438,884726,914073,877547,887448,847930,885604,846936,731649,608947,449831,335291,268715,208177,204208,33.6,32.6,34.6,19035255,9350891,9684364,18279737,8962031,9317706,17154807,8383195,8771612,3276130,1460394,1815736,2601886,1135664,1466222,25145561,24466560,17701552,2979598,170972,964596,245981,156820,103074,18360,67750,210913,161698,21656,4794,6591,2918,7353,2628186,679001,92305,91963,109713,240679,18276506,3168469,315264,1110666,47646,2946690,25145561,9460921,7951193,130576,46541,1332611,15684640,25145561,9460921,6304207,92773,90386,16170,3736,2594206,359443,15684640,11397345,2886825,80586,948426,17920,33980,319558,25145561,24564422,8922933,4515013,7861974,5888009,2020528,862624,233685,1243974,93590,42923,532901,581139,375392,282470,92922,205747,117928,87819,8922933,6237148,3056060,4515013,2115498,467431,224804,1254704,715758,2685785,2163266,1014605,189375,1148661,449350,3472070,1888937,2.75,3.31,9977436,8922933,1054503,394310,16509,121430,30437,208733,283084,2.1,10.8,8922933,5685353,3237580,16331580,8232842,2.87,2.54,56.71194507,66.05431238,0.984,63.72%,36.28%,70.40%,11.85%,3.84%,0.68%,2
50,VT,Vermont,23871030489,1035236182,44.0605475,-72.673354,625741,31952,34654,37637,46012,43851,35441,34181,36358,42001,50110,52493,48739,41234,29390,20148,15960,12783,12797,308206,16339,17854,19351,23659,22682,17713,16908,17982,20603,24514,25773,23905,20609,14386,9534,7108,5183,4103,317535,15613,16800,18286,22353,21169,17728,17273,18376,21398,25596,26720,24834,20625,15004,10614,8852,7600,8694,41.5,40.4,42.7,513248,250500,262748,496508,241858,254650,465053,225582,239471,114678,52076,62602,91078,40314,50764,625741,614988,596292,6277,2207,7947,1359,2301,558,405,889,1019,1416,160,47,43,24,46,2105,10753,4535,2112,2353,549,606588,9343,7379,10463,465,2924,625741,9208,2534,2261,510,3903,616533,625741,9208,6069,334,184,72,20,1568,961,616533,590223,5943,2023,7875,140,537,9792,625741,600412,256442,124395,153485,118627,18945,6836,3790,47145,3121,2344,23667,25329,5571,2763,2808,19758,10454,9304,256442,160360,67235,124395,45224,11326,6647,24639,15364,96082,72233,32192,7683,40041,18805,72680,65203,2.34,2.85,322539,256442,66097,5635,597,3598,615,50198,5454,1.9,6.9,256442,181407,75035,444608,155804,2.45,2.08,9.869641084,2.798403065,0.971,70.74%,29.26%,95.29%,1.00%,1.27%,0.35%,2.3
23,ME,Maine,79882800680,11750312805,45.3906022,-68.6574869,1328361,69520,74116,79013,88310,79646,72681,71943,79905,91471,107619,110956,102441,89660,65014,47637,38894,30399,29136,650056,35767,38081,40495,45541,40426,36145,35662,39302,44957,52861,54129,49861,44361,31432,22234,17338,12125,9339,678305,33753,36035,38518,42769,39220,36536,36281,40603,46514,54758,56827,52580,45299,33582,25403,21556,18274,19797,42.7,41.5,43.8,1089252,527315,561937,1053828,509004,544824,999994,481348,518646,262917,118231,144686,211080,92468,118612,1328361,1307420,1264971,15707,8568,13571,1959,3514,1639,584,1144,1713,3018,342,115,67,67,93,4261,20941,8729,3932,4571,1203,1284877,21764,18482,18333,988,6210,1328361,16935,5134,4377,783,6641,1311426,1328361,16935,10674,553,358,129,29,3247,1945,1311426,1254297,15154,8210,13442,313,1014,18996,1328361,1292816,557219,270088,326802,249352,45913,16934,9708,92794,6803,5341,52313,35545,12409,6306,6103,23136,12259,10877,557219,350621,141767,270088,93301,25085,14832,55448,33634,206598,159533,69412,18130,90121,44807,154800,151281,2.32,2.83,721830,557219,164611,15738,1021,9711,2089,118310,17742,2.4,8.9,557219,397417,159802,966468,326348,2.43,2.04,18.96430999,10.50904385,0.958,71.32%,28.68%,95.23%,1.18%,1.02%,0.65%,2.3
37,NC,North Carolina,1.26E+11,13471186331,35.53971,-79.1308636,9535483,632040,635945,631104,659591,661573,627036,619557,659843,667308,698753,669893,600722,538039,403024,294543,223655,165396,147461,4645492,322871,324900,322795,338271,336648,311499,304807,324681,329652,341432,323702,285244,255034,188125,133021,94981,63573,44256,4889991,309169,311045,308309,321320,324925,315537,314750,335162,337656,357321,346191,315478,283005,214899,161522,128674,101823,103205,37.4,36,38.7,7510570,3610138,3900432,7253848,3478189,3775659,6835727,3264770,3570957,1549194,673169,876025,1234079,523956,710123,9535483,9329284,6528950,2048628,122110,208962,57400,34169,18643,6411,19221,27304,45814,6604,1389,2505,716,1994,414030,206199,33642,27778,61973,27790,6697465,2151456,184082,252585,14774,459451,9535483,800120,486960,71800,18079,223281,8735363,9535483,800120,304955,28774,13281,2383,1345,398942,50440,8735363,6223995,2019854,108829,206579,5259,15088,155759,9535483,9278237,3745155,1812029,2645200,2003199,565768,232968,72906,510085,38040,18789,222832,257246,113296,74649,38647,143950,82191,61759,3745155,2499174,1109902,1812029,732199,173010,85199,514135,292504,1245981,1011348,435368,93602,575980,248262,1248342,893832,2.48,3.01,4327528,3745155,582373,156587,6671,71693,14510,191508,141404,2.8,11.1,3745155,2497900,1247255,6290286,2987951,2.52,2.4,22.63314722,13.85230275,0.950,66.70%,33.30%,68.47%,21.48%,2.19%,1.28%,2.7
